Fold,refYear,HS2,HS4,HS6
fold1,2022.0,209.522,203.973,207.326
fold1,2023.0,225.325,221.164,218.155
fold1,2024.0,214.445,215.115,214.068
fold1,2025.0,194.973,188.15,191.22
fold2,2022.0,207.201,202.599,207.213
fold2,2023.0,227.004,221.773,219.794
fold2,2024.0,213.931,215.223,212.61
fold2,2025.0,185.206,188.646,185.845
fold3,2022.0,209.649,204.48,206.492
fold3,2023.0,226.232,220.92,220.095
fold3,2024.0,215.603,216.02,213.869
fold3,2025.0,189.3,185.665,187.249
fold4,2022.0,206.915,200.413,202.587
fold4,2023.0,220.73,213.823,211.757
fold4,2024.0,211.586,212.075,208.41
fold4,2025.0,189.52,180.323,182.33
fold5,2022.0,207.936,205.223,211.324
fold5,2023.0,229.948,222.099,221.275
fold5,2024.0,221.48,216.723,218.941
fold5,2025.0,197.221,188.963,190.258
