,rows,rows,rows,countries,countries,countries,value_bn,value_bn,value_bn
hs,HS2,HS4,HS6,HS2,HS4,HS6,HS2,HS4,HS6
refYear,,,,,,,,,
2017.0,140387,650309,1438755,64,64,64,1962.2950047222103,1975.908927009484,2045.546603816754
2018.0,103711,466873,1016351,44,44,44,1288.3422261233056,1273.1437769438537,1299.6558337911936
2019.0,86410,386377,842605,37,37,37,1081.6801804543259,1083.8692386487658,1117.4362543000857
2020.0,75650,325657,692375,33,33,33,934.9254691151615,914.6927204009678,930.8871308360509
2021.0,59315,240799,494361,28,28,28,550.8066513162806,513.8279317718531,532.029353195393
2022.0,59045,251791,535106,28,28,28,680.9200607586789,643.7700001060743,660.4157882950841
2023.0,65736,273093,572918,31,31,31,775.6727898699829,713.3611320126134,732.919556015458
2024.0,114019,496911,1069794,52,52,52,1574.4805101120596,1507.396109305232,1507.9639003645489
